{
    "id": "pointer",
    "title": "PnP - Pointer and Pings!",
    "description": "Gives all players the option to show a customizable cursor on demand, as well as ping any location with a custom ping!<br>Hotkeys, pings, pointer, everything customizable!<br>As GM you can also move your players view to your pin on demand.",
    "version": "13.1.0",
    "authors": [
        {
            "name": "Moerill",
            "url": "https://github.com/moerill"
        },
        {
            "name": "farling42",
            "url": "https://github.com/farling42/"
        },
        {
            "name": "p4535992",
            "url": "https://github.com/p4535992",
            "discord": "",
            "twitter": "",
            "patreon": "",
            "github": "p4535992",
            "ko-fi": "",
            "reddit": "",
            "email": ""
        },
        {
            "name": "samulopez",
            "url": "https://github.com/samulopez"
        }
    ],
    "esmodules": [
        "module.js"
    ],
    "styles": [
        "styles/pointer.css"
    ],
    "packs": [],
    "url": "https://github.com/p4535992/foundryvtt-pointer",
    "manifest": "https://github.com/p4535992/foundryvtt-pointer/releases/download/13.1.0/module.json",
    "download": "https://github.com/p4535992/foundryvtt-pointer/releases/download/13.1.0/module.zip",
    "readme": "https://github.com/p4535992/foundryvtt-pointer/blob/master/README.md",
    "changelog": "https://github.com/p4535992/foundryvtt-pointer/blob/master/CHANGELOG.md",
    "bugs": "https://github.com/p4535992/foundryvtt-pointer/issues",
    "compatibility": {
        "minimum": "13",
        "verified": "13",
        "maximum": "13"
    },
    "relationships": {
        "systems": [],
        "requires": [
            {
                "id": "lib-wrapper",
                "type": "module",
                "manifest": "https://github.com/ruipin/fvtt-lib-wrapper/releases/latest/download/module.json",
                "compatibility": {}
            },
            {
                "id": "socketlib",
                "type": "module",
                "manifest": "https://raw.githubusercontent.com/manuelVo/foundryvtt-socketlib/develop/module.json",
                "compatibility": {}
            }
        ],
        "conflicts": []
    }
}